{
  "AdaBoost": {
    "accuracy": 0.603988603988604,
    "roc_auc": 0.8141643687260861,
    "avg_precision": 0.31318026592763715,
    "classification_report": {
      "0": {
        "precision": 0.9786492374727669,
        "recall": 0.560939060939061,
        "f1-score": 0.7131290681060486,
        "support": 8008.0
      },
      "1": {
        "precision": 0.22486772486772486,
        "recall": 0.9123434704830053,
        "f1-score": 0.3608065086664308,
        "support": 1118.0
      },
      "accuracy": 0.603988603988604,
      "macro avg": {
        "precision": 0.6017584811702459,
        "recall": 0.7366412657110332,
        "f1-score": 0.5369677883862397,
        "support": 9126.0
      },
      "weighted avg": {
        "precision": 0.8863056333644569,
        "recall": 0.603988603988604,
        "f1-score": 0.6699670451547564,
        "support": 9126.0
      }
    },
    "confusion_matrix": [
      [
        4492,
        3516
      ],
      [
        98,
        1020
      ]
    ],
    "calibration": {
      "prob_true": [
        0.0,
        0.003161222339304531,
        0.015402843601895734,
        0.06502775574940524,
        0.19984567901234568,
        0.375
      ],
      "prob_pred": [
        0.15823408718114315,
        0.2589763792719398,
        0.3437598703750499,
        0.4607615223493742,
        0.5538101489703224,
        0.6169414865490449
      ]
    }
  },
  "HistGradientBoosting": {
    "accuracy": 0.8990795529257067,
    "roc_auc": 0.9260463373835467,
    "avg_precision": 0.6560119585192611,
    "classification_report": {
      "0": {
        "precision": 0.9457793433136243,
        "recall": 0.9388111888111889,
        "f1-score": 0.9422823839067493,
        "support": 8008.0
      },
      "1": {
        "precision": 0.5836873406966865,
        "recall": 0.6144901610017889,
        "f1-score": 0.5986928104575163,
        "support": 1118.0
      },
      "accuracy": 0.8990795529257067,
      "macro avg": {
        "precision": 0.7647333420051554,
        "recall": 0.7766506749064889,
        "f1-score": 0.7704875971821328,
        "support": 9126.0
      },
      "weighted avg": {
        "precision": 0.9014204939901819,
        "recall": 0.8990795529257067,
        "f1-score": 0.9001902139400341,
        "support": 9126.0
      }
    },
    "confusion_matrix": [
      [
        7518,
        490
      ],
      [
        431,
        687
      ]
    ],
    "calibration": {
      "prob_true": [
        0.009829734948218361,
        0.08041958041958042,
        0.1271186440677966,
        0.23349056603773585,
        0.3473684210526316,
        0.3562091503267974,
        0.511400651465798,
        0.6598360655737705,
        0.7760617760617761,
        0.9672131147540983
      ],
      "prob_pred": [
        0.017489187270153517,
        0.1442277962062791,
        0.2473957949258625,
        0.3475039680659142,
        0.4468799433852408,
        0.5498439390008444,
        0.6491592597511906,
        0.7493813643185018,
        0.8448087821230812,
        0.9266167114866404
      ]
    }
  },
  "LightGBM": {
    "accuracy": 0.9110234494849879,
    "roc_auc": 0.9270494711013494,
    "avg_precision": 0.6692303642736906,
    "classification_report": {
      "0": {
        "precision": 0.9426673228346457,
        "recall": 0.9567932067932068,
        "f1-score": 0.9496777392166584,
        "support": 8008.0
      },
      "1": {
        "precision": 0.6533066132264529,
        "recall": 0.5831842576028623,
        "f1-score": 0.6162570888468809,
        "support": 1118.0
      },
      "accuracy": 0.9110234494849879,
      "macro avg": {
        "precision": 0.7979869680305494,
        "recall": 0.7699887321980345,
        "f1-score": 0.7829674140317697,
        "support": 9126.0
      },
      "weighted avg": {
        "precision": 0.907218574933927,
        "recall": 0.9110234494849879,
        "f1-score": 0.9088313347554037,
        "support": 9126.0
      }
    },
    "confusion_matrix": [
      [
        7662,
        346
      ],
      [
        466,
        652
      ]
    ],
    "calibration": {
      "prob_true": [
        0.014121510673234812,
        0.1056338028169014,
        0.18446601941747573,
        0.2459016393442623,
        0.3442622950819672,
        0.49416342412451364,
        0.5423728813559322,
        0.7136929460580913,
        0.8229665071770335,
        0.9636363636363636
      ],
      "prob_pred": [
        0.016514872348281705,
        0.1471880829159912,
        0.24610289015928094,
        0.35009609816008036,
        0.4470405798505045,
        0.5488678608717734,
        0.647861099297371,
        0.7519134762546822,
        0.8514006882228028,
        0.9267948150445389
      ]
    }
  },
  "LogisticRegression": {
    "accuracy": 0.7296734604426912,
    "roc_auc": 0.8341719773964855,
    "avg_precision": 0.3927496801489038,
    "classification_report": {
      "0": {
        "precision": 0.9599867175826,
        "recall": 0.722027972027972,
        "f1-score": 0.8241750409806856,
        "support": 8008.0
      },
      "1": {
        "precision": 0.2826297131807928,
        "recall": 0.7844364937388193,
        "f1-score": 0.41554134091447525,
        "support": 1118.0
      },
      "accuracy": 0.7296734604426912,
      "macro avg": {
        "precision": 0.6213082153816964,
        "recall": 0.7532322328833956,
        "f1-score": 0.6198581909475804,
        "support": 9126.0
      },
      "weighted avg": {
        "precision": 0.8770056600632903,
        "recall": 0.7296734604426912,
        "f1-score": 0.7741145022261356,
        "support": 9126.0
      }
    },
    "confusion_matrix": [
      [
        5782,
        2226
      ],
      [
        241,
        877
      ]
    ],
    "calibration": {
      "prob_true": [
        0.004008746355685131,
        0.03091684434968017,
        0.06375442739079103,
        0.08904109589041095,
        0.10732984293193717,
        0.16463414634146342,
        0.20995962314939434,
        0.28064992614475626,
        0.4265975820379965,
        0.5246478873239436
      ],
      "prob_pred": [
        0.02555039018537789,
        0.1491040243430961,
        0.24938360156657435,
        0.3500458231224315,
        0.44954737589636995,
        0.55123986246722,
        0.6504516702178994,
        0.7470283749752074,
        0.8483768838444204,
        0.9328653904230472
      ]
    }
  },
  "RandomForest": {
    "accuracy": 0.7773394696471619,
    "roc_auc": 0.8826712196569084,
    "avg_precision": 0.5164425585639179,
    "classification_report": {
      "0": {
        "precision": 0.9702549575070821,
        "recall": 0.7698551448551448,
        "f1-score": 0.8585155270853642,
        "support": 8008.0
      },
      "1": {
        "precision": 0.3351370851370851,
        "recall": 0.830948121645796,
        "f1-score": 0.47763496143958867,
        "support": 1118.0
      },
      "accuracy": 0.7773394696471619,
      "macro avg": {
        "precision": 0.6526960213220836,
        "recall": 0.8004016332504704,
        "f1-score": 0.6680752442624764,
        "support": 9126.0
      },
      "weighted avg": {
        "precision": 0.8924484945101879,
        "recall": 0.7773394696471619,
        "f1-score": 0.8118549449692151,
        "support": 9126.0
      }
    },
    "confusion_matrix": [
      [
        6165,
        1843
      ],
      [
        189,
        929
      ]
    ],